<?xml version="1.0" encoding="UTF-8" ?>
<!DOCTYPE mapper PUBLIC "-//mybatis.org//DTD Mapper 3.0//EN" "http://mybatis.org/dtd/mybatis-3-mapper.dtd" >
<mapper namespace="com.yuki.common.mapper.UserMapper">
    <insert id="save">
        insert into sys_user(
                             username,
                             password,
                             email,
                             createDate)
        VALUES (#{username},#{password},#{email},#{createDate})
    </insert>
    <update id="updateUpdateTime">
        update sys_user set updateDate = #{now} where id = #{userId}
    </update>
    <select id="findOneById" resultType="com.yuki.common.domain.entity.User">
        select * from sys_user where id = #{id}
    </select>
    <select id="findOneByUsername" resultType="com.yuki.common.domain.entity.User">
        select * from sys_user where username = #{username}
    </select>
    <select id="findOneByEmail" resultType="com.yuki.common.domain.entity.User">
        select * from sys_user where email = #{email}
    </select>
    <select id="selectPermsByUserId" resultType="java.lang.String">
        SELECT m.perm
        FROM sys_user u
                 JOIN sys_user_role ur ON u.id = ur.user_id
                 JOIN sys_role r ON ur.role_id = r.id
                 JOIN sys_menu_role rm ON r.id = rm.role_id
                 JOIN sys_menu m ON rm.menu_id = m.id
        WHERE u.id = #{id};
    </select>
    <select id="findAdmin" resultType="com.yuki.common.domain.entity.User">
        select
            u.username,
            u.avatar,
            u.id
            from sys_user u
        join sys_user_role ur on ur.user_id = u.id
        where ur.role_id = 1
        limit 1;
    </select>
    <select id="findCountByUserId" resultType="java.lang.Long">
        select count(*) from article
        where create_by = #{userId}
    </select>
</mapper>